text,label
"Your electricity bill is due next week. Please use the official app to make your payment.",0
"Your bank statement is ready. Log in through your usual banking app to view it.",0
"Your appointment is confirmed for tomorrow at 10 AM.",0
"Your parcel will arrive tomorrow. Track it through the courier's official app.",0
"Reminder: your insurance premium is due on 10 October.",0
"Your account statement is available in the official mobile banking application.",0
"Congratulations! You won a lottery. Send your OTP and pay a processing fee immediately.",1
"URGENT: Your bank account will be blocked today. Click this link and verify your PIN.",1
"Your KYC has expired. Send your OTP and password to keep your account active.",1
"You have won a prize. Transfer 5000 rupees now to release your reward.",1
"Final warning! Your account will be suspended within 24 hours. Verify now using this link.",1
"Refund pending. Share your UPI PIN and OTP to receive the money immediately.",1
"Your card is blocked. Send CVV and verification code to reactivate it.",1
"Click now to claim your cashback. Provide your banking details for verification.",1
